{
  "set": {
    "6285931405482@s.whatsapp.net": {
      "lang": "id",
      "limit": 0,
      "uang": 1010,
      "status": 0,
      "join": true,
      "public": true,
      "anticall": true,
      "original": true,
      "readsw": false,
      "autobio": false,
      "autoread": true,
      "autotyping": true,
      "multiprefix": false,
      "template": "textMessage"
    },
    "6287731931654@s.whatsapp.net": {
      "lang": "id",
      "limit": 0,
      "uang": 0,
      "status": 0,
      "join": true,
      "public": true,
      "anticall": true,
      "original": true,
      "readsw": false,
      "autobio": false,
      "autoread": true,
      "autotyping": true,
      "multiprefix": false,
      "template": "textMessage"
    }
  },
  "users": {
    "6285931405482@s.whatsapp.net": {
      "vip": false,
      "afkTime": -1,
      "afkReason": "",
      "limit": 10002,
      "uang": 100003000,
      "lastclaim": 1738070619694,
      "lastbegal": 1738070619694,
      "lastrampok": 1738070619694
    },
    "6287731931654@s.whatsapp.net": {
      "vip": false,
      "afkTime": -1,
      "afkReason": "",
      "limit": 10002,
      "uang": 100004010,
      "lastclaim": 1738070625174,
      "lastbegal": 1738070625174,
      "lastrampok": 1738070625174
    },
    "6285646379308@s.whatsapp.net": {
      "vip": false,
      "afkTime": -1,
      "afkReason": "",
      "limit": 9999,
      "uang": 100000000,
      "lastclaim": 1738103362474,
      "lastbegal": 1738103362474,
      "lastrampok": 1738103362474
    },
    "6285399780929@s.whatsapp.net": {
      "vip": false,
      "afkTime": -1,
      "afkReason": "",
      "limit": 20,
      "uang": 10000,
      "lastclaim": 1738118874024,
      "lastbegal": 1738118874024,
      "lastrampok": 1738118874024
    },
    "62895404576738@s.whatsapp.net": {
      "vip": false,
      "afkTime": -1,
      "afkReason": "",
      "limit": 20,
      "uang": 10000,
      "lastclaim": 1738118874242,
      "lastbegal": 1738118874242,
      "lastrampok": 1738118874242
    },
    "6285123065632@s.whatsapp.net": {
      "vip": false,
      "afkTime": -1,
      "afkReason": "",
      "limit": 20,
      "uang": 10000,
      "lastclaim": 1738118874285,
      "lastbegal": 1738118874285,
      "lastrampok": 1738118874285
    },
    "6285925980510@s.whatsapp.net": {
      "vip": false,
      "afkTime": -1,
      "afkReason": "",
      "limit": 18,
      "uang": 10000,
      "lastclaim": 1738118874345,
      "lastbegal": 1738118874345,
      "lastrampok": 1738118874345
    },
    "6287828314819@s.whatsapp.net": {
      "vip": false,
      "afkTime": -1,
      "afkReason": "",
      "limit": 20,
      "uang": 10000,
      "lastclaim": 1738118875363,
      "lastbegal": 1738118875363,
      "lastrampok": 1738118875363
    },
    "6285384662833@s.whatsapp.net": {
      "vip": false,
      "afkTime": -1,
      "afkReason": "",
      "limit": 20,
      "uang": 10000,
      "lastclaim": 1738118880897,
      "lastbegal": 1738118880897,
      "lastrampok": 1738118880897
    },
    "62895420469955@s.whatsapp.net": {
      "vip": false,
      "afkTime": -1,
      "afkReason": "",
      "limit": 20,
      "uang": 10000,
      "lastclaim": 1738118885212,
      "lastbegal": 1738118885212,
      "lastrampok": 1738118885212
    },
    "6285261787687@s.whatsapp.net": {
      "vip": false,
      "afkTime": -1,
      "afkReason": "",
      "limit": 20,
      "uang": 10000,
      "lastclaim": 1738118890284,
      "lastbegal": 1738118890284,
      "lastrampok": 1738118890284
    },
    "6283836315438@s.whatsapp.net": {
      "vip": false,
      "afkTime": -1,
      "afkReason": "",
      "limit": 20,
      "uang": 10000,
      "lastclaim": 1738119086291,
      "lastbegal": 1738119086291,
      "lastrampok": 1738119086291
    },
    "6283131120424@s.whatsapp.net": {
      "vip": false,
      "afkTime": -1,
      "afkReason": "",
      "limit": 20,
      "uang": 10000,
      "lastclaim": 1738119093194,
      "lastbegal": 1738119093194,
      "lastrampok": 1738119093194
    },
    "6283171283418@s.whatsapp.net": {
      "vip": false,
      "afkTime": -1,
      "afkReason": "",
      "limit": 20,
      "uang": 10000,
      "lastclaim": 1738119117879,
      "lastbegal": 1738119117879,
      "lastrampok": 1738119117879
    },
    "62895321235813@s.whatsapp.net": {
      "vip": false,
      "afkTime": -1,
      "afkReason": "",
      "limit": 19,
      "uang": 10000,
      "lastclaim": 1738125245979,
      "lastbegal": 1738125245979,
      "lastrampok": 1738125245979
    },
    "628388198091@s.whatsapp.net": {
      "vip": false,
      "afkTime": -1,
      "afkReason": "",
      "limit": 20,
      "uang": 10000,
      "lastclaim": 1738125252649,
      "lastbegal": 1738125252649,
      "lastrampok": 1738125252649
    },
    "6285607345509@s.whatsapp.net": {
      "vip": false,
      "afkTime": -1,
      "afkReason": "",
      "limit": 20,
      "uang": 10000,
      "lastclaim": 1738125362645,
      "lastbegal": 1738125362645,
      "lastrampok": 1738125362645
    },
    "6282192162213@s.whatsapp.net": {
      "vip": false,
      "afkTime": -1,
      "afkReason": "",
      "limit": 20,
      "uang": 10000,
      "lastclaim": 1738125362713,
      "lastbegal": 1738125362713,
      "lastrampok": 1738125362713
    },
    "6282291902484@s.whatsapp.net": {
      "vip": false,
      "afkTime": -1,
      "afkReason": "",
      "limit": 20,
      "uang": 10000,
      "lastclaim": 1738125363107,
      "lastbegal": 1738125363107,
      "lastrampok": 1738125363107
    },
    "6288221580337@s.whatsapp.net": {
      "vip": false,
      "afkTime": -1,
      "afkReason": "",
      "limit": 20,
      "uang": 10000,
      "lastclaim": 1738125691714,
      "lastbegal": 1738125691714,
      "lastrampok": 1738125691714
    },
    "6285257202355@s.whatsapp.net": {
      "vip": false,
      "afkTime": -1,
      "afkReason": "",
      "limit": 17,
      "uang": 10000,
      "lastclaim": 1738125691739,
      "lastbegal": 1738125691739,
      "lastrampok": 1738125691739
    },
    "6283878810553@s.whatsapp.net": {
      "vip": false,
      "afkTime": -1,
      "afkReason": "",
      "limit": 20,
      "uang": 10000,
      "lastclaim": 1738125776362,
      "lastbegal": 1738125776362,
      "lastrampok": 1738125776362
    },
    "62895401396314@s.whatsapp.net": {
      "vip": false,
      "afkTime": -1,
      "afkReason": "",
      "limit": 20,
      "uang": 10000,
      "lastclaim": 1738125808115,
      "lastbegal": 1738125808115,
      "lastrampok": 1738125808115
    },
    "6285752211203@s.whatsapp.net": {
      "vip": false,
      "afkTime": -1,
      "afkReason": "",
      "limit": 19,
      "uang": 10000,
      "lastclaim": 1738125925003,
      "lastbegal": 1738125925003,
      "lastrampok": 1738125925003
    },
    "6285267628214@s.whatsapp.net": {
      "vip": false,
      "afkTime": -1,
      "afkReason": "",
      "limit": 17,
      "uang": 10000,
      "lastclaim": 1738125928604,
      "lastbegal": 1738125928604,
      "lastrampok": 1738125928604
    },
    "6285184708391@s.whatsapp.net": {
      "vip": false,
      "afkTime": -1,
      "afkReason": "",
      "limit": 20,
      "uang": 10000,
      "lastclaim": 1738125977607,
      "lastbegal": 1738125977607,
      "lastrampok": 1738125977607
    },
    "6281263024132@s.whatsapp.net": {
      "vip": false,
      "afkTime": -1,
      "afkReason": "",
      "limit": 20,
      "uang": 10000,
      "lastclaim": 1738126031587,
      "lastbegal": 1738126031587,
      "lastrampok": 1738126031587
    },
    "6285255387923@s.whatsapp.net": {
      "vip": false,
      "afkTime": -1,
      "afkReason": "",
      "limit": 20,
      "uang": 10000,
      "lastclaim": 1738126095760,
      "lastbegal": 1738126095760,
      "lastrampok": 1738126095760
    },
    "6283125968544@s.whatsapp.net": {
      "vip": false,
      "afkTime": -1,
      "afkReason": "",
      "limit": 20,
      "uang": 10000,
      "lastclaim": 1738126104594,
      "lastbegal": 1738126104594,
      "lastrampok": 1738126104594
    },
    "6289616195901@s.whatsapp.net": {
      "vip": false,
      "afkTime": -1,
      "afkReason": "",
      "limit": 20,
      "uang": 10000,
      "lastclaim": 1738126129742,
      "lastbegal": 1738126129742,
      "lastrampok": 1738126129742
    },
    "120363242097101417@g.us": {
      "vip": false,
      "afkTime": -1,
      "afkReason": "",
      "limit": 20,
      "uang": 10000,
      "lastclaim": 1738126186648,
      "lastbegal": 1738126186648,
      "lastrampok": 1738126186648
    }
  },
  "game": {
    "suit": [],
    "menfes": [],
    "tekateki": [],
    "akinator": [],
    "tictactoe": [],
    "tebaklirik": [],
    "kuismath": [],
    "tebaklagu": [],
    "tebakkata": [],
    "family100": [],
    "susunkata": [],
    "tebakbom": [],
    "tebakkimia": [],
    "caklontong": [],
    "tebaknegara": [],
    "tebakgambar": [],
    "tebakbendera": []
  },
  "groups": {
    "120363367909204455@g.us": {
      "nsfw": false,
      "mute": false,
      "setinfo": true,
      "antilink": false,
      "antitoxic": false,
      "welcome": true,
      "antivirtex": false,
      "antidelete": false,
      "waktusholat": false
    },
    "120363393524304568@g.us": {
      "nsfw": false,
      "mute": false,
      "setinfo": true,
      "antilink": false,
      "antitoxic": false,
      "welcome": true,
      "antivirtex": false,
      "antidelete": false,
      "waktusholat": false
    },
    "120363370848273481@g.us": {
      "nsfw": false,
      "mute": false,
      "setinfo": true,
      "antilink": false,
      "antitoxic": false,
      "welcome": true,
      "antivirtex": false,
      "antidelete": false,
      "waktusholat": false
    },
    "120363207188487373@g.us": {
      "nsfw": false,
      "mute": false,
      "setinfo": true,
      "antilink": false,
      "antitoxic": false,
      "welcome": true,
      "antivirtex": false,
      "antidelete": false,
      "waktusholat": false
    },
    "120363242097101417@g.us": {
      "nsfw": false,
      "mute": false,
      "setinfo": true,
      "antilink": false,
      "antitoxic": false,
      "welcome": true,
      "antivirtex": false,
      "antidelete": false,
      "waktusholat": false
    },
    "120363393601516617@g.us": {
      "nsfw": false,
      "mute": false,
      "setinfo": true,
      "antilink": false,
      "antitoxic": false,
      "welcome": true,
      "antivirtex": false,
      "antidelete": false,
      "waktusholat": false
    }
  },
  "database": {}
}